INSERT INTO `mars`.`user` (`dba`,`admin`,`id`,`pw`,`firstName`,`lastName`,`email`) VALUES (1,0,'aldeap','aldeap','Trish','Aldea','aldeap@msnotes.wustl.edu');
INSERT INTO `mars`.`user` (`dba`,`admin`,`id`,`pw`,`firstName`,`lastName`,`email`) VALUES (2,0,'Wadej','Wadej','Jeanine','Wade','wadej@mir.wustl.edu');
INSERT INTO `mars`.`user` (`dba`,`admin`,`id`,`pw`,`firstName`,`lastName`,`email`) VALUES (3,0,'kaemmererh','kaemmererh','Helen','Kaemmerer','kaemmererh@mir.wustl.edu');
INSERT INTO `mars`.`user` (`dba`,`admin`,`id`,`pw`,`firstName`,`lastName`,`email`) VALUES (4,0,'fryej','fryej','Jennifer','Frye','fryej@mir.wustl.edu');
INSERT INTO `mars`.`user` (`dba`,`admin`,`id`,`pw`,`firstName`,`lastName`,`email`) VALUES (5,0,'kbohnert','kbohnert','Kathryn','Bohnert','bohnertk@wustl.edu');
INSERT INTO `mars`.`user` (`dba`,`admin`,`id`,`pw`,`firstName`,`lastName`,`email`) VALUES (6,0,'Holdenerr','Holdenerr','Ruth','Holdener','holdenerr@mir.wustl.edu');
INSERT INTO `mars`.`user` (`dba`,`admin`,`id`,`pw`,`firstName`,`lastName`,`email`) VALUES (7,0,'ktaylor01','ktaylor01','Kathy','Taylor','taylork@wustl.edu');
INSERT INTO `mars`.`user` (`dba`,`admin`,`id`,`pw`,`firstName`,`lastName`,`email`) VALUES (8,0,'ejacobs01','ejacobs01','Eileen','Jacobs','jacobse@wustl.edu');
INSERT INTO `mars`.`user` (`dba`,`admin`,`id`,`pw`,`firstName`,`lastName`,`email`) VALUES (9,0,'rhaver01','rhaver01','Robin','Haverman','havermanr@wustl.edu');
INSERT INTO `mars`.`user` (`dba`,`admin`,`id`,`pw`,`firstName`,`lastName`,`email`) VALUES (10,0,'dbird01','dbird01','Darlene','Bird','birdd@wustl.edu');
INSERT INTO `mars`.`user` (`dba`,`admin`,`id`,`pw`,`firstName`,`lastName`,`email`) VALUES (11,0,'Gallagherl','Gallagherl','Lora','Gallagher','gallagherl@mir.wustl.edu');
INSERT INTO `mars`.`user` (`dba`,`admin`,`id`,`pw`,`firstName`,`lastName`,`email`) VALUES (12,1,'priorf','priorf','Fred','Prior','priorf@mir.wustl.edu');
INSERT INTO `mars`.`user` (`dba`,`admin`,`id`,`pw`,`firstName`,`lastName`,`email`) VALUES (13,1,'smm','smm','Steve','Moore','moores@mir.wustl.edu');
INSERT INTO `mars`.`user` (`dba`,`admin`,`id`,`pw`,`firstName`,`lastName`,`email`) VALUES (14,1,'rmoult01','gloria','Ralph','Moulton','moultonr@mir.wustl.edu');
INSERT INTO `mars`.`user` (`dba`,`admin`,`id`,`pw`,`firstName`,`lastName`,`email`) VALUES (15,0,'admin','adminadmin','Adam','Admin','moultonr@mir.wustl.edu');
INSERT INTO `mars`.`user` (`dba`,`admin`,`id`,`pw`,`firstName`,`lastName`,`email`) VALUES (16,0,'acampbell1','acampbell1','Angela','Campbell','campbella@wustl.edu');
INSERT INTO `mars`.`user` (`dba`,`admin`,`id`,`pw`,`firstName`,`lastName`,`email`) VALUES (17,0,'amcarlson1','amcarlson1','Anna','Carlson','carlsona@mir.wustl.edu');
INSERT INTO `mars`.`user` (`dba`,`admin`,`id`,`pw`,`firstName`,`lastName`,`email`) VALUES (18,0,'lschimm1','lschimm1','Linda','Schimmoeller','schimmoellerl@mir.wustl.edu');
INSERT INTO `mars`.`study` (`dba`, `id`, `active`, `description`) VALUES(1, 'XFER', 1, 'Alerts Transferred from old system');
INSERT INTO `mars`.`studyUser` (`dba`, `studyDba`, `userDba`, `userRole`, `receiveAlerts`) VALUES(1, 1, 1, 2, 0);
INSERT INTO `mars`.`studyUser` (`dba`, `studyDba`, `userDba`, `userRole`, `receiveAlerts`) VALUES(2, 1, 2, 2, 0);
INSERT INTO `mars`.`studyUser` (`dba`, `studyDba`, `userDba`, `userRole`, `receiveAlerts`) VALUES(3, 1, 3, 2, 0);
INSERT INTO `mars`.`studyUser` (`dba`, `studyDba`, `userDba`, `userRole`, `receiveAlerts`) VALUES(4, 1, 4, 2, 0);
INSERT INTO `mars`.`studyUser` (`dba`, `studyDba`, `userDba`, `userRole`, `receiveAlerts`) VALUES(5, 1, 5, 2, 0);
INSERT INTO `mars`.`studyUser` (`dba`, `studyDba`, `userDba`, `userRole`, `receiveAlerts`) VALUES(6, 1, 6, 2, 0);
INSERT INTO `mars`.`studyUser` (`dba`, `studyDba`, `userDba`, `userRole`, `receiveAlerts`) VALUES(7, 1, 7, 2, 0);
INSERT INTO `mars`.`studyUser` (`dba`, `studyDba`, `userDba`, `userRole`, `receiveAlerts`) VALUES(8, 1, 8, 2, 0);
INSERT INTO `mars`.`studyUser` (`dba`, `studyDba`, `userDba`, `userRole`, `receiveAlerts`) VALUES(9, 1, 9, 2, 0);
INSERT INTO `mars`.`studyUser` (`dba`, `studyDba`, `userDba`, `userRole`, `receiveAlerts`) VALUES(10, 1, 10, 2, 0);
INSERT INTO `mars`.`studyUser` (`dba`, `studyDba`, `userDba`, `userRole`, `receiveAlerts`) VALUES(11, 1, 11, 2, 0);
INSERT INTO `mars`.`studyUser` (`dba`, `studyDba`, `userDba`, `userRole`, `receiveAlerts`) VALUES(12, 1, 12, 2, 0);
INSERT INTO `mars`.`studyUser` (`dba`, `studyDba`, `userDba`, `userRole`, `receiveAlerts`) VALUES(13, 1, 13, 2, 0);
INSERT INTO `mars`.`studyUser` (`dba`, `studyDba`, `userDba`, `userRole`, `receiveAlerts`) VALUES(14, 1, 14, 2, 0);
INSERT INTO `mars`.`studyUser` (`dba`, `studyDba`, `userDba`, `userRole`, `receiveAlerts`) VALUES(15, 1, 15, 2, 0);
INSERT INTO `mars`.`studyUser` (`dba`, `studyDba`, `userDba`, `userRole`, `receiveAlerts`) VALUES(16, 1, 16, 2, 0);
INSERT INTO `mars`.`studyUser` (`dba`, `studyDba`, `userDba`, `userRole`, `receiveAlerts`) VALUES(17, 1, 17, 2, 0);
INSERT INTO `mars`.`studyUser` (`dba`, `studyDba`, `userDba`, `userRole`, `receiveAlerts`) VALUES(18, 1, 18, 2, 0);
INSERT INTO `mars`.`request` (`dba`, `lastName`, `firstName`, `mpi`, `dob`, `sex`, `scheduleAlerts`, `finalReportAlerts`, `studyDba`) VALUES (16,'Kyle','Janice','1277548','1952-11-08','F',1,0,1);
INSERT INTO `mars`.`request` (`dba`, `lastName`, `firstName`, `mpi`, `dob`, `sex`, `scheduleAlerts`, `finalReportAlerts`, `studyDba`) VALUES (18,'Madison','Dwayne','3327284 ','1950-07-19','M',1,0,1);
INSERT INTO `mars`.`request` (`dba`, `lastName`, `firstName`, `mpi`, `dob`, `sex`, `scheduleAlerts`, `finalReportAlerts`, `studyDba`) VALUES (30,'Winfield','Robert','','1932-07-07','M',1,0,1);
INSERT INTO `mars`.`request` (`dba`, `lastName`, `firstName`, `mpi`, `dob`, `sex`, `scheduleAlerts`, `finalReportAlerts`, `studyDba`) VALUES (31,'Winfield','Robert','','1932-07-07','M',1,0,1);
INSERT INTO `mars`.`request` (`dba`, `lastName`, `firstName`, `mpi`, `dob`, `sex`, `scheduleAlerts`, `finalReportAlerts`, `studyDba`) VALUES (47,'Hough','Laura','5676823','1968-06-09','F',1,1,1);
INSERT INTO `mars`.`request` (`dba`, `lastName`, `firstName`, `mpi`, `dob`, `sex`, `scheduleAlerts`, `finalReportAlerts`, `studyDba`) VALUES (50,'Harrison','Karen','5734894','1951-09-01','F',1,1,1);
INSERT INTO `mars`.`request` (`dba`, `lastName`, `firstName`, `mpi`, `dob`, `sex`, `scheduleAlerts`, `finalReportAlerts`, `studyDba`) VALUES (53,'Sparks','Judith','8446540','1954-03-09','F',1,1,1);
INSERT INTO `mars`.`request` (`dba`, `lastName`, `firstName`, `mpi`, `dob`, `sex`, `scheduleAlerts`, `finalReportAlerts`, `studyDba`) VALUES (56,'Bowne','Steven','8438196','1954-10-19','M',1,1,1);
INSERT INTO `mars`.`request` (`dba`, `lastName`, `firstName`, `mpi`, `dob`, `sex`, `scheduleAlerts`, `finalReportAlerts`, `studyDba`) VALUES (76,'Lakin','Shirley','','1945-12-26','F',1,1,1);
INSERT INTO `mars`.`request` (`dba`, `lastName`, `firstName`, `mpi`, `dob`, `sex`, `scheduleAlerts`, `finalReportAlerts`, `studyDba`) VALUES (78,'Sparks','Thomas','','1939-09-09','M',1,1,1);
INSERT INTO `mars`.`request` (`dba`, `lastName`, `firstName`, `mpi`, `dob`, `sex`, `scheduleAlerts`, `finalReportAlerts`, `studyDba`) VALUES (84,'Buckner','Herman','','1934-01-11','M',1,1,1);
INSERT INTO `mars`.`request` (`dba`, `lastName`, `firstName`, `mpi`, `dob`, `sex`, `scheduleAlerts`, `finalReportAlerts`, `studyDba`) VALUES (94,'Hancock','David','','1940-08-01','M',1,1,1);
INSERT INTO `mars`.`request` (`dba`, `lastName`, `firstName`, `mpi`, `dob`, `sex`, `scheduleAlerts`, `finalReportAlerts`, `studyDba`) VALUES (115,'Kniffin','Ryan','8776567','1996-11-10','M',1,1,1);
INSERT INTO `mars`.`request` (`dba`, `lastName`, `firstName`, `mpi`, `dob`, `sex`, `scheduleAlerts`, `finalReportAlerts`, `studyDba`) VALUES (116,'Rosener','Paige','8617999','1991-11-03','F',1,1,1);
INSERT INTO `mars`.`request` (`dba`, `lastName`, `firstName`, `mpi`, `dob`, `sex`, `scheduleAlerts`, `finalReportAlerts`, `studyDba`) VALUES (117,'Munzer','Michael','8753588','1999-12-07','M',1,1,1);
INSERT INTO `mars`.`request` (`dba`, `lastName`, `firstName`, `mpi`, `dob`, `sex`, `scheduleAlerts`, `finalReportAlerts`, `studyDba`) VALUES (118,'Jeremy ','Harris','8757712','1989-08-02','M',1,1,1);
INSERT INTO `mars`.`request` (`dba`, `lastName`, `firstName`, `mpi`, `dob`, `sex`, `scheduleAlerts`, `finalReportAlerts`, `studyDba`) VALUES (119,'Harris','Sharron','3244830','1988-05-13','F',1,1,1);
INSERT INTO `mars`.`request` (`dba`, `lastName`, `firstName`, `mpi`, `dob`, `sex`, `scheduleAlerts`, `finalReportAlerts`, `studyDba`) VALUES (120,'Vanhoose','Hannah','8791205','1998-05-07','F',1,1,1);
INSERT INTO `mars`.`request` (`dba`, `lastName`, `firstName`, `mpi`, `dob`, `sex`, `scheduleAlerts`, `finalReportAlerts`, `studyDba`) VALUES (121,'Johnson','Marcell','8774520','1993-03-13','M',1,1,1);
INSERT INTO `mars`.`request` (`dba`, `lastName`, `firstName`, `mpi`, `dob`, `sex`, `scheduleAlerts`, `finalReportAlerts`, `studyDba`) VALUES (122,'Gregory','Cameron','8807368','1999-08-12','M',1,1,1);
INSERT INTO `mars`.`request` (`dba`, `lastName`, `firstName`, `mpi`, `dob`, `sex`, `scheduleAlerts`, `finalReportAlerts`, `studyDba`) VALUES (123,'Harris','Jaurice','8364701','1991-08-09','F',1,1,1);
INSERT INTO `mars`.`request` (`dba`, `lastName`, `firstName`, `mpi`, `dob`, `sex`, `scheduleAlerts`, `finalReportAlerts`, `studyDba`) VALUES (124,'Walker','Keenan','8793504','1993-07-02','M',1,1,1);
INSERT INTO `mars`.`request` (`dba`, `lastName`, `firstName`, `mpi`, `dob`, `sex`, `scheduleAlerts`, `finalReportAlerts`, `studyDba`) VALUES (125,'Wellen','Alexa','8809335','1990-09-06','F',1,1,1);
INSERT INTO `mars`.`request` (`dba`, `lastName`, `firstName`, `mpi`, `dob`, `sex`, `scheduleAlerts`, `finalReportAlerts`, `studyDba`) VALUES (126,'Lovings','Amari','8748160','2005-03-27','F',1,1,1);
INSERT INTO `mars`.`request` (`dba`, `lastName`, `firstName`, `mpi`, `dob`, `sex`, `scheduleAlerts`, `finalReportAlerts`, `studyDba`) VALUES (127,'Bourgeois','Evan','8664609','1997-07-25','M',1,1,1);
INSERT INTO `mars`.`request` (`dba`, `lastName`, `firstName`, `mpi`, `dob`, `sex`, `scheduleAlerts`, `finalReportAlerts`, `studyDba`) VALUES (128,'Steele','Morgan','8464000','1989-10-24','F',1,1,1);
INSERT INTO `mars`.`request` (`dba`, `lastName`, `firstName`, `mpi`, `dob`, `sex`, `scheduleAlerts`, `finalReportAlerts`, `studyDba`) VALUES (129,'Bland','Nakea','8488396','1984-03-05','F',1,1,1);
INSERT INTO `mars`.`request` (`dba`, `lastName`, `firstName`, `mpi`, `dob`, `sex`, `scheduleAlerts`, `finalReportAlerts`, `studyDba`) VALUES (130,'Jones','Lindsay','8520725','1994-07-18','F',1,1,1);
INSERT INTO `mars`.`request` (`dba`, `lastName`, `firstName`, `mpi`, `dob`, `sex`, `scheduleAlerts`, `finalReportAlerts`, `studyDba`) VALUES (131,'Sides','Richard','','1980-03-19','M',1,1,1);
INSERT INTO `mars`.`request` (`dba`, `lastName`, `firstName`, `mpi`, `dob`, `sex`, `scheduleAlerts`, `finalReportAlerts`, `studyDba`) VALUES (132,'Collins','Ruth','3104867','1978-08-13','F',1,1,1);
INSERT INTO `mars`.`request` (`dba`, `lastName`, `firstName`, `mpi`, `dob`, `sex`, `scheduleAlerts`, `finalReportAlerts`, `studyDba`) VALUES (133,'Blakemore','Zachary','8639809','2000-06-21','M',1,1,1);
INSERT INTO `mars`.`request` (`dba`, `lastName`, `firstName`, `mpi`, `dob`, `sex`, `scheduleAlerts`, `finalReportAlerts`, `studyDba`) VALUES (134,'Tyler','Justin','8474789','1996-11-05','M',1,1,1);
INSERT INTO `mars`.`request` (`dba`, `lastName`, `firstName`, `mpi`, `dob`, `sex`, `scheduleAlerts`, `finalReportAlerts`, `studyDba`) VALUES (135,'Lasley','Kelly','2829634','1989-05-04','F',1,1,1);
INSERT INTO `mars`.`request` (`dba`, `lastName`, `firstName`, `mpi`, `dob`, `sex`, `scheduleAlerts`, `finalReportAlerts`, `studyDba`) VALUES (136,'Mahoney','Erin','3020933','1986-08-07','F',1,1,1);
INSERT INTO `mars`.`request` (`dba`, `lastName`, `firstName`, `mpi`, `dob`, `sex`, `scheduleAlerts`, `finalReportAlerts`, `studyDba`) VALUES (137,'Schofield','Nathan','8746816','1993-05-12','M',1,1,1);
INSERT INTO `mars`.`request` (`dba`, `lastName`, `firstName`, `mpi`, `dob`, `sex`, `scheduleAlerts`, `finalReportAlerts`, `studyDba`) VALUES (138,'Ronchetto','Nickolas','8818186','1990-05-01','M',1,1,1);
INSERT INTO `mars`.`request` (`dba`, `lastName`, `firstName`, `mpi`, `dob`, `sex`, `scheduleAlerts`, `finalReportAlerts`, `studyDba`) VALUES (139,'Greenwalt','Donald','2684253','1984-08-23','M',1,1,1);
INSERT INTO `mars`.`request` (`dba`, `lastName`, `firstName`, `mpi`, `dob`, `sex`, `scheduleAlerts`, `finalReportAlerts`, `studyDba`) VALUES (140,'Blakemore','Natalie','2925102','1977-05-15','F',1,1,1);
INSERT INTO `mars`.`request` (`dba`, `lastName`, `firstName`, `mpi`, `dob`, `sex`, `scheduleAlerts`, `finalReportAlerts`, `studyDba`) VALUES (141,'Conway','Alexander','8631972','1996-04-16','M',1,1,1);
INSERT INTO `mars`.`request` (`dba`, `lastName`, `firstName`, `mpi`, `dob`, `sex`, `scheduleAlerts`, `finalReportAlerts`, `studyDba`) VALUES (143,'Bruemmer','Nicole','8493137','1996-07-31','F',1,1,1);
INSERT INTO `mars`.`request` (`dba`, `lastName`, `firstName`, `mpi`, `dob`, `sex`, `scheduleAlerts`, `finalReportAlerts`, `studyDba`) VALUES (144,'Day','Christy','12195118','1953-03-10','F',1,1,1);
INSERT INTO `mars`.`request` (`dba`, `lastName`, `firstName`, `mpi`, `dob`, `sex`, `scheduleAlerts`, `finalReportAlerts`, `studyDba`) VALUES (145,'Enochs','Phyllis','2362509','1933-07-10','F',1,1,1);
INSERT INTO `mars`.`request` (`dba`, `lastName`, `firstName`, `mpi`, `dob`, `sex`, `scheduleAlerts`, `finalReportAlerts`, `studyDba`) VALUES (146,'Wagner','Garrett','8457281','1996-05-26','M',1,1,1);
INSERT INTO `mars`.`request` (`dba`, `lastName`, `firstName`, `mpi`, `dob`, `sex`, `scheduleAlerts`, `finalReportAlerts`, `studyDba`) VALUES (147,'Thomas','Chefon','8330459','1991-07-19','F',1,1,1);
INSERT INTO `mars`.`request` (`dba`, `lastName`, `firstName`, `mpi`, `dob`, `sex`, `scheduleAlerts`, `finalReportAlerts`, `studyDba`) VALUES (148,'Williams','Rachael','8819028','1990-09-21','F',1,1,1);
INSERT INTO `mars`.`request` (`dba`, `lastName`, `firstName`, `mpi`, `dob`, `sex`, `scheduleAlerts`, `finalReportAlerts`, `studyDba`) VALUES (149,'Knecht','Hailey','8634346','2001-01-21','F',1,1,1);
INSERT INTO `mars`.`request` (`dba`, `lastName`, `firstName`, `mpi`, `dob`, `sex`, `scheduleAlerts`, `finalReportAlerts`, `studyDba`) VALUES (150,'Maguire','Alicia','8779126','1991-08-13','F',1,1,1);
INSERT INTO `mars`.`request` (`dba`, `lastName`, `firstName`, `mpi`, `dob`, `sex`, `scheduleAlerts`, `finalReportAlerts`, `studyDba`) VALUES (151,'Jenkins','Dylan','8824187','2002-09-10','M',1,1,1);
INSERT INTO `mars`.`request` (`dba`, `lastName`, `firstName`, `mpi`, `dob`, `sex`, `scheduleAlerts`, `finalReportAlerts`, `studyDba`) VALUES (152,'Sides','Michael','8368220','1991-10-29','M',1,1,1);
INSERT INTO `mars`.`request` (`dba`, `lastName`, `firstName`, `mpi`, `dob`, `sex`, `scheduleAlerts`, `finalReportAlerts`, `studyDba`) VALUES (153,'mccully','job','8815276','1998-05-02','M',1,1,1);
INSERT INTO `mars`.`request` (`dba`, `lastName`, `firstName`, `mpi`, `dob`, `sex`, `scheduleAlerts`, `finalReportAlerts`, `studyDba`) VALUES (154,'Wu','Andrew','8826644','2006-06-23','M',1,1,1);
INSERT INTO `mars`.`request` (`dba`, `lastName`, `firstName`, `mpi`, `dob`, `sex`, `scheduleAlerts`, `finalReportAlerts`, `studyDba`) VALUES (155,'Beach','Christopher','8830693','2006-10-04','M',1,1,1);
INSERT INTO `mars`.`request` (`dba`, `lastName`, `firstName`, `mpi`, `dob`, `sex`, `scheduleAlerts`, `finalReportAlerts`, `studyDba`) VALUES (156,'Crawford','Mikeshia','8737402','1992-11-03','F',1,1,1);
INSERT INTO `mars`.`request` (`dba`, `lastName`, `firstName`, `mpi`, `dob`, `sex`, `scheduleAlerts`, `finalReportAlerts`, `studyDba`) VALUES (157,'Thompson ','Dawson ','8839857','2008-02-06','M',1,1,1);
INSERT INTO `mars`.`request` (`dba`, `lastName`, `firstName`, `mpi`, `dob`, `sex`, `scheduleAlerts`, `finalReportAlerts`, `studyDba`) VALUES (158,'Bartels','Loren','2121391','1939-05-26','F',1,1,1);
INSERT INTO `mars`.`request` (`dba`, `lastName`, `firstName`, `mpi`, `dob`, `sex`, `scheduleAlerts`, `finalReportAlerts`, `studyDba`) VALUES (159,'Boland','charles','3029268','1963-01-31','M',1,1,1);
INSERT INTO `mars`.`request` (`dba`, `lastName`, `firstName`, `mpi`, `dob`, `sex`, `scheduleAlerts`, `finalReportAlerts`, `studyDba`) VALUES (160,'Brashear','Garry','2969317','1947-09-01','M',1,1,1);
INSERT INTO `mars`.`request` (`dba`, `lastName`, `firstName`, `mpi`, `dob`, `sex`, `scheduleAlerts`, `finalReportAlerts`, `studyDba`) VALUES (161,'Brennan','Richard','2911358','1952-08-27','M',1,1,1);
INSERT INTO `mars`.`request` (`dba`, `lastName`, `firstName`, `mpi`, `dob`, `sex`, `scheduleAlerts`, `finalReportAlerts`, `studyDba`) VALUES (165,'Deboard','Jason','3040649','1973-01-15','M',1,1,1);
INSERT INTO `mars`.`request` (`dba`, `lastName`, `firstName`, `mpi`, `dob`, `sex`, `scheduleAlerts`, `finalReportAlerts`, `studyDba`) VALUES (166,'Dunnagan','Gerald','2844760','1949-04-03','M',1,1,1);
INSERT INTO `mars`.`request` (`dba`, `lastName`, `firstName`, `mpi`, `dob`, `sex`, `scheduleAlerts`, `finalReportAlerts`, `studyDba`) VALUES (167,'Fisher','Diane','20081926','1941-10-23','F',1,1,1);
INSERT INTO `mars`.`request` (`dba`, `lastName`, `firstName`, `mpi`, `dob`, `sex`, `scheduleAlerts`, `finalReportAlerts`, `studyDba`) VALUES (168,'Dala','Freesmeier','3275309','1978-04-20','F',1,1,1);
INSERT INTO `mars`.`request` (`dba`, `lastName`, `firstName`, `mpi`, `dob`, `sex`, `scheduleAlerts`, `finalReportAlerts`, `studyDba`) VALUES (169,'Hale','Danny','3265902','1950-08-22','M',1,1,1);
INSERT INTO `mars`.`request` (`dba`, `lastName`, `firstName`, `mpi`, `dob`, `sex`, `scheduleAlerts`, `finalReportAlerts`, `studyDba`) VALUES (170,'Hamby','Dennis','11101592','1947-04-20','M',1,1,1);
INSERT INTO `mars`.`request` (`dba`, `lastName`, `firstName`, `mpi`, `dob`, `sex`, `scheduleAlerts`, `finalReportAlerts`, `studyDba`) VALUES (171,'Harris','Ramona','20092174','1954-12-03','F',1,1,1);
INSERT INTO `mars`.`request` (`dba`, `lastName`, `firstName`, `mpi`, `dob`, `sex`, `scheduleAlerts`, `finalReportAlerts`, `studyDba`) VALUES (172,'Hess','Bonnie','20082194','1960-12-11','F',1,1,1);
INSERT INTO `mars`.`request` (`dba`, `lastName`, `firstName`, `mpi`, `dob`, `sex`, `scheduleAlerts`, `finalReportAlerts`, `studyDba`) VALUES (173,'Hill','Michelle','3109561','1966-06-06','F',1,1,1);
INSERT INTO `mars`.`request` (`dba`, `lastName`, `firstName`, `mpi`, `dob`, `sex`, `scheduleAlerts`, `finalReportAlerts`, `studyDba`) VALUES (174,'Hilliard','Tina','3267055','1967-06-30','F',1,1,1);
INSERT INTO `mars`.`request` (`dba`, `lastName`, `firstName`, `mpi`, `dob`, `sex`, `scheduleAlerts`, `finalReportAlerts`, `studyDba`) VALUES (175,'Hoffman','Sharon','2985215','1960-11-23','F',1,1,1);
INSERT INTO `mars`.`request` (`dba`, `lastName`, `firstName`, `mpi`, `dob`, `sex`, `scheduleAlerts`, `finalReportAlerts`, `studyDba`) VALUES (177,'Hurt','Michael','2863896','1942-04-06','M',1,1,1);
INSERT INTO `mars`.`request` (`dba`, `lastName`, `firstName`, `mpi`, `dob`, `sex`, `scheduleAlerts`, `finalReportAlerts`, `studyDba`) VALUES (178,'Johnson','Kristi','2723010','1985-10-08','F',1,1,1);
INSERT INTO `mars`.`request` (`dba`, `lastName`, `firstName`, `mpi`, `dob`, `sex`, `scheduleAlerts`, `finalReportAlerts`, `studyDba`) VALUES (179,'Keating','Nancy','3098044','1935-11-27','F',1,1,1);
INSERT INTO `mars`.`request` (`dba`, `lastName`, `firstName`, `mpi`, `dob`, `sex`, `scheduleAlerts`, `finalReportAlerts`, `studyDba`) VALUES (180,'KellyKillion','Jacqueline','27624500','1962-03-28','F',1,1,1);
INSERT INTO `mars`.`request` (`dba`, `lastName`, `firstName`, `mpi`, `dob`, `sex`, `scheduleAlerts`, `finalReportAlerts`, `studyDba`) VALUES (182,'Monahan','John','3250573','1952-12-11','M',1,1,1);
INSERT INTO `mars`.`request` (`dba`, `lastName`, `firstName`, `mpi`, `dob`, `sex`, `scheduleAlerts`, `finalReportAlerts`, `studyDba`) VALUES (183,'Moore','Lisa','3015162','1960-02-08','F',1,1,1);
INSERT INTO `mars`.`request` (`dba`, `lastName`, `firstName`, `mpi`, `dob`, `sex`, `scheduleAlerts`, `finalReportAlerts`, `studyDba`) VALUES (187,'Proctor','Erica','3273873','1978-01-04','M',1,1,1);
INSERT INTO `mars`.`request` (`dba`, `lastName`, `firstName`, `mpi`, `dob`, `sex`, `scheduleAlerts`, `finalReportAlerts`, `studyDba`) VALUES (190,'Russell','Jill','3242280','1950-05-27','F',1,1,1);
INSERT INTO `mars`.`request` (`dba`, `lastName`, `firstName`, `mpi`, `dob`, `sex`, `scheduleAlerts`, `finalReportAlerts`, `studyDba`) VALUES (191,'Schwier','Michael','3160225','1973-07-18','M',1,1,1);
INSERT INTO `mars`.`request` (`dba`, `lastName`, `firstName`, `mpi`, `dob`, `sex`, `scheduleAlerts`, `finalReportAlerts`, `studyDba`) VALUES (192,'Smith','Charles','1027248','1946-06-08','M',1,1,1);
INSERT INTO `mars`.`request` (`dba`, `lastName`, `firstName`, `mpi`, `dob`, `sex`, `scheduleAlerts`, `finalReportAlerts`, `studyDba`) VALUES (193,'Spence','Leon','3122752','1956-09-20','M',1,1,1);
INSERT INTO `mars`.`request` (`dba`, `lastName`, `firstName`, `mpi`, `dob`, `sex`, `scheduleAlerts`, `finalReportAlerts`, `studyDba`) VALUES (194,'Usery','Rhonda','3029328','1959-04-10','F',1,1,1);
INSERT INTO `mars`.`request` (`dba`, `lastName`, `firstName`, `mpi`, `dob`, `sex`, `scheduleAlerts`, `finalReportAlerts`, `studyDba`) VALUES (195,'Walker','Michelle','3250754','1967-10-31','F',1,1,1);
INSERT INTO `mars`.`request` (`dba`, `lastName`, `firstName`, `mpi`, `dob`, `sex`, `scheduleAlerts`, `finalReportAlerts`, `studyDba`) VALUES (196,'Welge','Robert','3264942','1963-01-15','M',1,1,1);
INSERT INTO `mars`.`request` (`dba`, `lastName`, `firstName`, `mpi`, `dob`, `sex`, `scheduleAlerts`, `finalReportAlerts`, `studyDba`) VALUES (198,'Wilburn','Bobbie','3230598','1932-08-23','M',1,1,1);
INSERT INTO `mars`.`request` (`dba`, `lastName`, `firstName`, `mpi`, `dob`, `sex`, `scheduleAlerts`, `finalReportAlerts`, `studyDba`) VALUES (199,'Wodicker','Edward','3265199','1952-06-04','M',1,1,1);
INSERT INTO `mars`.`request` (`dba`, `lastName`, `firstName`, `mpi`, `dob`, `sex`, `scheduleAlerts`, `finalReportAlerts`, `studyDba`) VALUES (200,'Wojtowicz','Gail','3134583','1955-01-14','F',1,1,1);
INSERT INTO `mars`.`request` (`dba`, `lastName`, `firstName`, `mpi`, `dob`, `sex`, `scheduleAlerts`, `finalReportAlerts`, `studyDba`) VALUES (202,'Koesterer','Jacob','3137716','1988-12-23','M',1,1,1);
INSERT INTO `mars`.`request` (`dba`, `lastName`, `firstName`, `mpi`, `dob`, `sex`, `scheduleAlerts`, `finalReportAlerts`, `studyDba`) VALUES (203,'Nolen','Mackenzie','8843261','1999-08-16','F',1,1,1);
INSERT INTO `mars`.`request` (`dba`, `lastName`, `firstName`, `mpi`, `dob`, `sex`, `scheduleAlerts`, `finalReportAlerts`, `studyDba`) VALUES (204,'Meriweather','Kimberly','8187516','1993-12-27','F',1,1,1);
INSERT INTO `mars`.`request` (`dba`, `lastName`, `firstName`, `mpi`, `dob`, `sex`, `scheduleAlerts`, `finalReportAlerts`, `studyDba`) VALUES (205,'Graman','MaryLouise','','1942-01-12','F',1,1,1);
INSERT INTO `mars`.`request` (`dba`, `lastName`, `firstName`, `mpi`, `dob`, `sex`, `scheduleAlerts`, `finalReportAlerts`, `studyDba`) VALUES (207,'Horsefield','Timothy','3104888','1959-08-06','M',1,1,1);
INSERT INTO `mars`.`request` (`dba`, `lastName`, `firstName`, `mpi`, `dob`, `sex`, `scheduleAlerts`, `finalReportAlerts`, `studyDba`) VALUES (208,'Carter','Randy','12590962','1961-10-26','M',1,1,1);
INSERT INTO `mars`.`request` (`dba`, `lastName`, `firstName`, `mpi`, `dob`, `sex`, `scheduleAlerts`, `finalReportAlerts`, `studyDba`) VALUES (209,'Penberthy','Linda','12638293','1956-06-15','F',1,1,1);
INSERT INTO `mars`.`request` (`dba`, `lastName`, `firstName`, `mpi`, `dob`, `sex`, `scheduleAlerts`, `finalReportAlerts`, `studyDba`) VALUES (210,'Ruach','Betty','11667185','1947-09-17','F',1,1,1);
INSERT INTO `mars`.`request` (`dba`, `lastName`, `firstName`, `mpi`, `dob`, `sex`, `scheduleAlerts`, `finalReportAlerts`, `studyDba`) VALUES (211,'Eppert','Victoria','12535214','1959-12-14','F',1,1,1);
INSERT INTO `mars`.`request` (`dba`, `lastName`, `firstName`, `mpi`, `dob`, `sex`, `scheduleAlerts`, `finalReportAlerts`, `studyDba`) VALUES (213,'Allen','Brittany','3256100','1990-03-06','F',1,1,1);
INSERT INTO `mars`.`request` (`dba`, `lastName`, `firstName`, `mpi`, `dob`, `sex`, `scheduleAlerts`, `finalReportAlerts`, `studyDba`) VALUES (214,'Price','David','8882522','2008-10-01','M',1,1,1);
INSERT INTO `mars`.`request` (`dba`, `lastName`, `firstName`, `mpi`, `dob`, `sex`, `scheduleAlerts`, `finalReportAlerts`, `studyDba`) VALUES (215,'Glenn','Jessica','8852386','1990-09-29','F',1,1,1);
INSERT INTO `mars`.`request` (`dba`, `lastName`, `firstName`, `mpi`, `dob`, `sex`, `scheduleAlerts`, `finalReportAlerts`, `studyDba`) VALUES (216,'Tyler','Joel','8867673','2008-02-01','M',1,1,1);
INSERT INTO `mars`.`request` (`dba`, `lastName`, `firstName`, `mpi`, `dob`, `sex`, `scheduleAlerts`, `finalReportAlerts`, `studyDba`) VALUES (217,'Otey','Lauren','8833927','2003-11-15','F',1,1,1);
INSERT INTO `mars`.`request` (`dba`, `lastName`, `firstName`, `mpi`, `dob`, `sex`, `scheduleAlerts`, `finalReportAlerts`, `studyDba`) VALUES (218,'Herbst','Damian','8817894','1998-06-13','M',1,1,1);
INSERT INTO `mars`.`request` (`dba`, `lastName`, `firstName`, `mpi`, `dob`, `sex`, `scheduleAlerts`, `finalReportAlerts`, `studyDba`) VALUES (219,'Woodworth','Hailey','8515342','1994-03-23','F',1,1,1);
INSERT INTO `mars`.`request` (`dba`, `lastName`, `firstName`, `mpi`, `dob`, `sex`, `scheduleAlerts`, `finalReportAlerts`, `studyDba`) VALUES (220,'Carter','Jamie Lynn','8758164','1993-01-14','F',1,1,1);
INSERT INTO `mars`.`request` (`dba`, `lastName`, `firstName`, `mpi`, `dob`, `sex`, `scheduleAlerts`, `finalReportAlerts`, `studyDba`) VALUES (221,'Taylor','Candace','8881082','1993-11-16','F',1,1,1);
INSERT INTO `mars`.`request` (`dba`, `lastName`, `firstName`, `mpi`, `dob`, `sex`, `scheduleAlerts`, `finalReportAlerts`, `studyDba`) VALUES (222,'Durk','Sarah ','2846644','1986-09-15','F',1,1,1);
INSERT INTO `mars`.`request` (`dba`, `lastName`, `firstName`, `mpi`, `dob`, `sex`, `scheduleAlerts`, `finalReportAlerts`, `studyDba`) VALUES (223,'Sarah','Dunn','2846644','1986-09-15','F',1,1,1);
INSERT INTO `mars`.`request` (`dba`, `lastName`, `firstName`, `mpi`, `dob`, `sex`, `scheduleAlerts`, `finalReportAlerts`, `studyDba`) VALUES (224,'Nelson','Tiana','8903339','2001-04-02','F',1,1,1);
INSERT INTO `mars`.`request` (`dba`, `lastName`, `firstName`, `mpi`, `dob`, `sex`, `scheduleAlerts`, `finalReportAlerts`, `studyDba`) VALUES (225,'Langley','Kayden','8901220','2009-10-08','M',1,1,1);
INSERT INTO `mars`.`request` (`dba`, `lastName`, `firstName`, `mpi`, `dob`, `sex`, `scheduleAlerts`, `finalReportAlerts`, `studyDba`) VALUES (226,'St. James','Henry','8903747','1992-10-02','M',1,1,1);
INSERT INTO `mars`.`request` (`dba`, `lastName`, `firstName`, `mpi`, `dob`, `sex`, `scheduleAlerts`, `finalReportAlerts`, `studyDba`) VALUES (227,'Ohms','Christian','8869314','2003-12-29','M',1,1,1);
INSERT INTO `mars`.`request` (`dba`, `lastName`, `firstName`, `mpi`, `dob`, `sex`, `scheduleAlerts`, `finalReportAlerts`, `studyDba`) VALUES (228,'Friedman','Lauren','8387837','1994-06-22','F',1,1,1);
INSERT INTO `mars`.`request` (`dba`, `lastName`, `firstName`, `mpi`, `dob`, `sex`, `scheduleAlerts`, `finalReportAlerts`, `studyDba`) VALUES (229,'Kelly','Kristen','','1995-04-10','F',1,1,1);
INSERT INTO `mars`.`request` (`dba`, `lastName`, `firstName`, `mpi`, `dob`, `sex`, `scheduleAlerts`, `finalReportAlerts`, `studyDba`) VALUES (230,'Crawford','Alex','8681415','2002-12-17','M',1,1,1);
INSERT INTO `mars`.`request` (`dba`, `lastName`, `firstName`, `mpi`, `dob`, `sex`, `scheduleAlerts`, `finalReportAlerts`, `studyDba`) VALUES (231,'Chwascinski','Jenna','','1994-09-20','F',1,1,1);
INSERT INTO `mars`.`request` (`dba`, `lastName`, `firstName`, `mpi`, `dob`, `sex`, `scheduleAlerts`, `finalReportAlerts`, `studyDba`) VALUES (232,'Graham','Ivy','8929026','1999-03-01','F',1,1,1);
INSERT INTO `mars`.`request` (`dba`, `lastName`, `firstName`, `mpi`, `dob`, `sex`, `scheduleAlerts`, `finalReportAlerts`, `studyDba`) VALUES (233,'Mccurdy','Jameson','8929016','1998-09-09','M',1,1,1);
INSERT INTO `mars`.`request` (`dba`, `lastName`, `firstName`, `mpi`, `dob`, `sex`, `scheduleAlerts`, `finalReportAlerts`, `studyDba`) VALUES (234,'Colombatto','Derek','8753767','1992-07-03','M',1,1,1);
INSERT INTO `mars`.`request` (`dba`, `lastName`, `firstName`, `mpi`, `dob`, `sex`, `scheduleAlerts`, `finalReportAlerts`, `studyDba`) VALUES (235,'Tinker','Aaron','8911587','2007-08-20','M',1,1,1);
INSERT INTO `mars`.`request` (`dba`, `lastName`, `firstName`, `mpi`, `dob`, `sex`, `scheduleAlerts`, `finalReportAlerts`, `studyDba`) VALUES (236,'Pruitt','Mya','8870297','1993-03-19','F',1,1,1);
INSERT INTO `mars`.`request` (`dba`, `lastName`, `firstName`, `mpi`, `dob`, `sex`, `scheduleAlerts`, `finalReportAlerts`, `studyDba`) VALUES (237,'Williams','Jamsine','8707023','2003-08-16','F',1,1,1);
INSERT INTO `mars`.`request` (`dba`, `lastName`, `firstName`, `mpi`, `dob`, `sex`, `scheduleAlerts`, `finalReportAlerts`, `studyDba`) VALUES (238,'Taylor','Bo','8899998','2003-09-03','M',1,1,1);
INSERT INTO `mars`.`request` (`dba`, `lastName`, `firstName`, `mpi`, `dob`, `sex`, `scheduleAlerts`, `finalReportAlerts`, `studyDba`) VALUES (239,'Brott','Tyler','8528199','1997-08-04','M',1,1,1);
INSERT INTO `mars`.`request` (`dba`, `lastName`, `firstName`, `mpi`, `dob`, `sex`, `scheduleAlerts`, `finalReportAlerts`, `studyDba`) VALUES (240,'Harris','Jordan','','2009-09-01','M',1,1,1);
INSERT INTO `mars`.`request` (`dba`, `lastName`, `firstName`, `mpi`, `dob`, `sex`, `scheduleAlerts`, `finalReportAlerts`, `studyDba`) VALUES (241,'Matlock','Christina','','1977-11-21','F',1,1,1);
INSERT INTO `mars`.`request` (`dba`, `lastName`, `firstName`, `mpi`, `dob`, `sex`, `scheduleAlerts`, `finalReportAlerts`, `studyDba`) VALUES (242,'Hayden','Makenzie ','8894971','1996-04-12','F',1,1,1);
INSERT INTO `mars`.`request` (`dba`, `lastName`, `firstName`, `mpi`, `dob`, `sex`, `scheduleAlerts`, `finalReportAlerts`, `studyDba`) VALUES (243,'Ballinger','Erionne','','1994-07-13','M',1,1,1);
INSERT INTO `mars`.`request` (`dba`, `lastName`, `firstName`, `mpi`, `dob`, `sex`, `scheduleAlerts`, `finalReportAlerts`, `studyDba`) VALUES (244,'Stoltzenburg','Kate Lynn','','2005-06-06','F',1,1,1);
INSERT INTO `mars`.`request` (`dba`, `lastName`, `firstName`, `mpi`, `dob`, `sex`, `scheduleAlerts`, `finalReportAlerts`, `studyDba`) VALUES (245,'Stoltzenburg','Kate ','','2005-06-06','F',1,1,1);
INSERT INTO `mars`.`request` (`dba`, `lastName`, `firstName`, `mpi`, `dob`, `sex`, `scheduleAlerts`, `finalReportAlerts`, `studyDba`) VALUES (246,'Jeanis','Jamie','','1988-08-12','F',1,1,1);
INSERT INTO `mars`.`request` (`dba`, `lastName`, `firstName`, `mpi`, `dob`, `sex`, `scheduleAlerts`, `finalReportAlerts`, `studyDba`) VALUES (247,'Hollinshead','Nicholas','','1991-12-26','M',1,1,1);
INSERT INTO `mars`.`request` (`dba`, `lastName`, `firstName`, `mpi`, `dob`, `sex`, `scheduleAlerts`, `finalReportAlerts`, `studyDba`) VALUES (248,'Wood','James','3080698','1964-04-22','M',1,1,1);